Model name,Accuracy,AUC,Precision,Recall,F1 Score,MCC
Logistic Regression,0.9230769230769231,0.9773794280836535,0.9225330568680105,0.9230769230769231,0.922409188034188,0.8203582248310268
Decision Tree,0.9519230769230769,0.9647887323943662,0.958248987854251,0.9519230769230769,0.9527386102126515,0.8984790706935947
KNN,0.8942307692307693,0.9773794280836534,0.9021669120353332,0.8942307692307693,0.8960249424678334,0.7697713250294985
Naive Bayes,0.9134615384615384,0.960734101579172,0.9129273504273504,0.9134615384615384,0.913098440021517,0.7988230541997952
Random Forest,0.9903846153846154,1.0,0.9906674208144797,0.9903846153846154,0.9904222748776574,0.9782218452166099
XGBoost,0.9711538461538461,1.0,0.9735576923076923,0.9711538461538461,0.971469647024855,0.9369814684936246
